{
  "dataset": "gtsrb",
  "shots": {
    "1": {
      "best_k": 5,
      "best_acc": 0.9202667474746704,
      "all_accuracies": [
        0.9003999829292297,
        0.9181333780288696,
        0.9168000221252441,
        0.9127333164215088,
        0.9202667474746704,
        0.9157333970069885,
        0.9142000079154968,
        0.9130666851997375,
        0.9134666919708252,
        0.9162001013755798
      ],
      "ordered_models": [
        "clip_vit_base",
        "convnext_tiny",
        "siglip",
        "dinov2_base",
        "resnet50",
        "dinov2_small",
        "vit_mae_base",
        "deit_small",
        "convnext_base",
        "vit_base"
      ],
      "optimal_models": [
        "clip_vit_base",
        "convnext_tiny",
        "siglip",
        "dinov2_base",
        "resnet50"
      ]
    },
    "5": {
      "best_k": 4,
      "best_acc": 0.9607333540916443,
      "all_accuracies": [
        0.9544667601585388,
        0.9535334706306458,
        0.9572001099586487,
        0.9607333540916443,
        0.9603333473205566,
        0.9606000781059265,
        0.9607333540916443,
        0.9595333933830261,
        0.9593333601951599,
        0.957466721534729
      ],
      "ordered_models": [
        "clip_vit_base",
        "siglip",
        "dinov2_base",
        "resnet50",
        "convnext_base",
        "dinov2_small",
        "vit_base",
        "deit_small",
        "convnext_tiny",
        "vit_mae_base"
      ],
      "optimal_models": [
        "clip_vit_base",
        "siglip",
        "dinov2_base",
        "resnet50"
      ]
    },
    "10": {
      "best_k": 4,
      "best_acc": 0.9684000611305237,
      "all_accuracies": [
        0.9636666774749756,
        0.9593333601951599,
        0.9635999798774719,
        0.9684000611305237,
        0.9664666652679443,
        0.9670666456222534,
        0.9669333696365356,
        0.9664666652679443,
        0.9654000997543335,
        0.966200053691864
      ],
      "ordered_models": [
        "clip_vit_base",
        "siglip",
        "dinov2_base",
        "resnet50",
        "deit_small",
        "vit_base",
        "dinov2_small",
        "convnext_tiny",
        "convnext_base",
        "vit_mae_base"
      ],
      "optimal_models": [
        "clip_vit_base",
        "siglip",
        "dinov2_base",
        "resnet50"
      ]
    },
    "16": {
      "best_k": 4,
      "best_acc": 0.9730000495910645,
      "all_accuracies": [
        0.9696000814437866,
        0.967799961566925,
        0.9692001342773438,
        0.9730000495910645,
        0.9729333519935608,
        0.9714000225067139,
        0.9673999547958374,
        0.9662666916847229,
        0.9672666788101196,
        0.9663333296775818
      ],
      "ordered_models": [
        "clip_vit_base",
        "dinov2_base",
        "siglip",
        "resnet50",
        "deit_small",
        "vit_base",
        "dinov2_small",
        "convnext_tiny",
        "convnext_base",
        "vit_mae_base"
      ],
      "optimal_models": [
        "clip_vit_base",
        "dinov2_base",
        "siglip",
        "resnet50"
      ]
    }
  },
  "best_overall": {
    "n_shot": 16,
    "best_k": 4,
    "best_acc": 0.9730000495910645,
    "optimal_models": [
      "clip_vit_base",
      "dinov2_base",
      "siglip",
      "resnet50"
    ]
  }
}