{
  "dataset": "country211",
  "shots": {
    "1": {
      "best_k": 1,
      "best_acc": 0.5301333069801331,
      "all_accuracies": [
        0.5301333069801331,
        0.520466685295105,
        0.5058666467666626,
        0.5030666589736938,
        0.5043333172798157,
        0.4999333620071411,
        0.5002666711807251,
        0.501466691493988,
        0.5051333904266357,
        0.5046666264533997
      ],
      "ordered_models": [
        "clip_vit_base",
        "dinov2_base",
        "dinov2_small",
        "deit_small",
        "convnext_tiny",
        "vit_base",
        "siglip",
        "convnext_base",
        "vit_mae_base",
        "resnet50"
      ],
      "optimal_models": [
        "clip_vit_base"
      ]
    },
    "5": {
      "best_k": 1,
      "best_acc": 0.6899999976158142,
      "all_accuracies": [
        0.6899999976158142,
        0.6817333102226257,
        0.6751999855041504,
        0.6749333143234253,
        0.6757333278656006,
        0.6698666214942932,
        0.6669333577156067,
        0.6673333644866943,
        0.6648666858673096,
        0.664733350276947
      ],
      "ordered_models": [
        "clip_vit_base",
        "dinov2_base",
        "dinov2_small",
        "convnext_base",
        "vit_base",
        "deit_small",
        "resnet50",
        "siglip",
        "convnext_tiny",
        "vit_mae_base"
      ],
      "optimal_models": [
        "clip_vit_base"
      ]
    },
    "10": {
      "best_k": 1,
      "best_acc": 0.7303333282470703,
      "all_accuracies": [
        0.7303333282470703,
        0.7224667072296143,
        0.7190666198730469,
        0.712066650390625,
        0.710266649723053,
        0.7106666564941406,
        0.7062000036239624,
        0.7053999900817871,
        0.7060000896453857,
        0.704466700553894
      ],
      "ordered_models": [
        "clip_vit_base",
        "dinov2_base",
        "vit_base",
        "dinov2_small",
        "siglip",
        "convnext_base",
        "deit_small",
        "convnext_tiny",
        "resnet50",
        "vit_mae_base"
      ],
      "optimal_models": [
        "clip_vit_base"
      ]
    },
    "16": {
      "best_k": 1,
      "best_acc": 0.7445999979972839,
      "all_accuracies": [
        0.7445999979972839,
        0.7356000542640686,
        0.7329333424568176,
        0.7259333729743958,
        0.722800076007843,
        0.7214000821113586,
        0.719533383846283,
        0.7183999419212341,
        0.7178666591644287,
        0.716866672039032
      ],
      "ordered_models": [
        "clip_vit_base",
        "dinov2_base",
        "siglip",
        "dinov2_small",
        "vit_base",
        "convnext_tiny",
        "deit_small",
        "resnet50",
        "convnext_base",
        "vit_mae_base"
      ],
      "optimal_models": [
        "clip_vit_base"
      ]
    }
  },
  "best_overall": {
    "n_shot": 16,
    "best_k": 1,
    "best_acc": 0.7445999979972839,
    "optimal_models": [
      "clip_vit_base"
    ]
  }
}